{
  "version": 3,
  "targets": {
    ".NETFramework,Version=v4.6.1": {
      "Atalasoft.dotImage.Lib.x64/11.2.0.1267": {
        "type": "package",
        "compile": {
          "lib/net452/_._": {}
        },
        "runtime": {
          "lib/net452/Atalasoft.dotImage.Lib.dll": {}
        },
        "build": {
          "build/_._": {}
        }
      },
      "Atalasoft.dotImage.Ocr.Abbyy.x64/11.2.0.1267": {
        "type": "package",
        "dependencies": {
          "Atalasoft.Shared": "11.2.0.1267",
          "Atalasoft.dotImage.Lib.x64": "11.2.0.1267",
          "Atalasoft.dotImage.Ocr.x64": "11.2.0.1267",
          "Atalasoft.dotImage.x64": "11.2.0.1267"
        },
        "compile": {
          "lib/net452/_._": {}
        },
        "runtime": {
          "lib/net452/Atalasoft.dotImage.Ocr.Abbyy.dll": {}
        },
        "build": {
          "build/_._": {}
        }
      },
      "Atalasoft.dotImage.Ocr.x64/11.2.0.1267": {
        "type": "package",
        "dependencies": {
          "Atalasoft.PdfDoc.x64": "11.2.0.1267",
          "Atalasoft.Shared": "11.2.0.1267",
          "Atalasoft.dotImage.Lib.x64": "11.2.0.1267",
          "Atalasoft.dotImage.x64": "11.2.0.1267"
        },
        "compile": {
          "lib/net452/_._": {}
        },
        "runtime": {
          "lib/net452/Atalasoft.dotImage.Ocr.dll": {}
        },
        "build": {
          "build/_._": {}
        }
      },
      "Atalasoft.dotImage.x64/11.2.0.1267": {
        "type": "package",
        "dependencies": {
          "Atalasoft.Shared": "11.2.0.1267",
          "Atalasoft.dotImage.Lib.x64": "11.2.0.1267"
        },
        "compile": {
          "lib/net452/_._": {}
        },
        "runtime": {
          "lib/net452/Atalasoft.dotImage.dll": {}
        },
        "build": {
          "build/_._": {}
        }
      },
      "Atalasoft.PdfDoc.x64/11.2.0.1267": {
        "type": "package",
        "dependencies": {
          "Atalasoft.Shared": "11.2.0.1267"
        },
        "compile": {
          "lib/net452/_._": {}
        },
        "runtime": {
          "lib/net452/Atalasoft.PdfDoc.dll": {}
        },
        "build": {
          "build/_._": {}
        }
      },
      "Atalasoft.Shared/11.2.0.1267": {
        "type": "package",
        "compile": {
          "lib/net452/_._": {}
        },
        "runtime": {
          "lib/net452/Atalasoft.Shared.dll": {}
        }
      },
      "AvalonEdit/5.0.3": {
        "type": "package",
        "compile": {
          "lib/Net40/_._": {}
        },
        "runtime": {
          "lib/Net40/ICSharpCode.AvalonEdit.dll": {}
        }
      },
      "BitMiracle.Docotic.Pdf/5.10.9957": {
        "type": "package",
        "compile": {
          "lib/net40/_._": {}
        },
        "runtime": {
          "lib/net40/BitMiracle.Docotic.Pdf.dll": {}
        }
      },
      "BouncyCastle/1.8.1": {
        "type": "package",
        "compile": {
          "lib/_._": {}
        },
        "runtime": {
          "lib/BouncyCastle.Crypto.dll": {}
        }
      },
      "ClosedXML/0.87.1": {
        "type": "package",
        "dependencies": {
          "DocumentFormat.OpenXml": "2.5.0"
        },
        "compile": {
          "lib/net40/_._": {}
        },
        "runtime": {
          "lib/net40/ClosedXML.dll": {}
        }
      },
      "CsvHelper/2.13.5": {
        "type": "package",
        "compile": {
          "lib/net40-client/_._": {}
        },
        "runtime": {
          "lib/net40-client/CsvHelper.dll": {}
        }
      },
      "DocumentFormat.OpenXml/2.5.0": {
        "type": "package",
        "compile": {
          "lib/_._": {}
        },
        "runtime": {
          "lib/DocumentFormat.OpenXml.dll": {}
        }
      },
      "Extended.Wpf.Toolkit/2.8.0": {
        "type": "package",
        "frameworkAssemblies": [
          "PresentationCore",
          "PresentationFramework",
          "System",
          "System.Xaml",
          "WindowsBase"
        ],
        "compile": {
          "lib/net40/_._": {}
        },
        "runtime": {
          "lib/net40/Xceed.Wpf.AvalonDock.Themes.Aero.dll": {},
          "lib/net40/Xceed.Wpf.AvalonDock.Themes.Metro.dll": {},
          "lib/net40/Xceed.Wpf.AvalonDock.Themes.VS2010.dll": {},
          "lib/net40/Xceed.Wpf.AvalonDock.dll": {},
          "lib/net40/Xceed.Wpf.DataGrid.dll": {},
          "lib/net40/Xceed.Wpf.Toolkit.dll": {}
        },
        "resource": {
          "lib/net40/de/Xceed.Wpf.AvalonDock.resources.dll": {
            "locale": "de"
          },
          "lib/net40/es/Xceed.Wpf.AvalonDock.resources.dll": {
            "locale": "es"
          },
          "lib/net40/fr/Xceed.Wpf.AvalonDock.resources.dll": {
            "locale": "fr"
          },
          "lib/net40/hu/Xceed.Wpf.AvalonDock.resources.dll": {
            "locale": "hu"
          },
          "lib/net40/it/Xceed.Wpf.AvalonDock.resources.dll": {
            "locale": "it"
          },
          "lib/net40/pt-BR/Xceed.Wpf.AvalonDock.resources.dll": {
            "locale": "pt-BR"
          },
          "lib/net40/ro/Xceed.Wpf.AvalonDock.resources.dll": {
            "locale": "ro"
          },
          "lib/net40/ru/Xceed.Wpf.AvalonDock.resources.dll": {
            "locale": "ru"
          },
          "lib/net40/sv/Xceed.Wpf.AvalonDock.resources.dll": {
            "locale": "sv"
          },
          "lib/net40/zh-Hans/Xceed.Wpf.AvalonDock.resources.dll": {
            "locale": "zh-Hans"
          }
        }
      },
      "Humanizer.Core/2.4.2": {
        "type": "package",
        "compile": {
          "lib/netstandard2.0/_._": {}
        },
        "runtime": {
          "lib/netstandard2.0/Humanizer.dll": {}
        }
      },
      "Microsoft.Exchange.WebServices/2.2.0": {
        "type": "package",
        "compile": {
          "lib/40/_._": {}
        },
        "runtime": {
          "lib/40/Microsoft.Exchange.WebServices.Auth.dll": {},
          "lib/40/Microsoft.Exchange.WebServices.dll": {}
        }
      },
      "Microsoft.Rest.ClientRuntime/2.3.10": {
        "type": "package",
        "dependencies": {
          "Newtonsoft.Json": "6.0.8"
        },
        "compile": {
          "lib/net452/_._": {}
        },
        "runtime": {
          "lib/net452/Microsoft.Rest.ClientRuntime.dll": {}
        }
      },
      "Microsoft.VisualStudio.OLE.Interop/7.10.6071": {
        "type": "package",
        "compile": {
          "lib/_._": {}
        },
        "runtime": {
          "lib/Microsoft.VisualStudio.OLE.Interop.dll": {}
        }
      },
      "Newtonsoft.Json/11.0.2": {
        "type": "package",
        "compile": {
          "lib/net45/_._": {}
        },
        "runtime": {
          "lib/net45/Newtonsoft.Json.dll": {}
        }
      },
      "NPOI/2.4.1": {
        "type": "package",
        "dependencies": {
          "SharpZipLib": "1.0.0"
        },
        "compile": {
          "lib/net45/_._": {}
        },
        "runtime": {
          "lib/net45/NPOI.OOXML.dll": {},
          "lib/net45/NPOI.OpenXml4Net.dll": {},
          "lib/net45/NPOI.OpenXmlFormats.dll": {},
          "lib/net45/NPOI.dll": {}
        }
      },
      "SharpZipLib/1.0.0": {
        "type": "package",
        "compile": {
          "lib/net45/_._": {}
        },
        "runtime": {
          "lib/net45/ICSharpCode.SharpZipLib.dll": {}
        }
      },
      "System.ValueTuple/4.5.0": {
        "type": "package",
        "frameworkAssemblies": [
          "System",
          "mscorlib"
        ],
        "compile": {
          "ref/net461/_._": {}
        },
        "runtime": {
          "lib/net461/System.ValueTuple.dll": {}
        }
      },
      "UiPath/10.0.6957.21531": {
        "type": "package",
        "compile": {
          "lib/_._": {}
        },
        "runtime": {
          "lib/UiPath.Interop.dll": {}
        },
        "build": {
          "build/_._": {}
        }
      },
      "UiPath.Excel.Activities/2.5.2": {
        "type": "package",
        "dependencies": {
          "ClosedXML": "0.87.1",
          "CsvHelper": "2.13.5",
          "DocumentFormat.OpenXml": "2.5.0",
          "Microsoft.VisualStudio.OLE.Interop": "7.10.6071",
          "NPOI": "2.4.1",
          "SharpZipLib": "1.0.0"
        },
        "compile": {
          "lib/net452/_._": {}
        },
        "runtime": {
          "lib/net452/UiPath.Excel.Activities.Design.dll": {},
          "lib/net452/UiPath.Excel.Activities.dll": {},
          "lib/net452/UiPath.Excel.dll": {}
        },
        "resource": {
          "lib/net452/fr/UiPath.Excel.Activities.Design.resources.dll": {
            "locale": "fr"
          },
          "lib/net452/fr/UiPath.Excel.Activities.resources.dll": {
            "locale": "fr"
          },
          "lib/net452/fr/UiPath.Excel.resources.dll": {
            "locale": "fr"
          },
          "lib/net452/ja/UiPath.Excel.Activities.Design.resources.dll": {
            "locale": "ja"
          },
          "lib/net452/ja/UiPath.Excel.Activities.resources.dll": {
            "locale": "ja"
          },
          "lib/net452/ja/UiPath.Excel.resources.dll": {
            "locale": "ja"
          },
          "lib/net452/ru/UiPath.Excel.Activities.Design.resources.dll": {
            "locale": "ru"
          },
          "lib/net452/ru/UiPath.Excel.Activities.resources.dll": {
            "locale": "ru"
          },
          "lib/net452/ru/UiPath.Excel.resources.dll": {
            "locale": "ru"
          }
        }
      },
      "UiPath.Mail.Activities/1.3.0": {
        "type": "package",
        "dependencies": {
          "BouncyCastle": "1.8.1",
          "Microsoft.Exchange.WebServices": "2.2.0"
        },
        "compile": {
          "lib/net452/_._": {}
        },
        "runtime": {
          "lib/net452/MailKit.dll": {},
          "lib/net452/MimeKit.dll": {},
          "lib/net452/UiPath.Mail.Activities.Design.dll": {},
          "lib/net452/UiPath.Mail.Activities.dll": {},
          "lib/net452/UiPath.Mail.dll": {}
        },
        "resource": {
          "lib/net452/fr/UiPath.Mail.Activities.Design.resources.dll": {
            "locale": "fr"
          },
          "lib/net452/fr/UiPath.Mail.Activities.resources.dll": {
            "locale": "fr"
          },
          "lib/net452/fr/UiPath.Mail.resources.dll": {
            "locale": "fr"
          },
          "lib/net452/ja/UiPath.Mail.Activities.Design.resources.dll": {
            "locale": "ja"
          },
          "lib/net452/ja/UiPath.Mail.Activities.resources.dll": {
            "locale": "ja"
          },
          "lib/net452/ja/UiPath.Mail.resources.dll": {
            "locale": "ja"
          },
          "lib/net452/ru/UiPath.Mail.Activities.Design.resources.dll": {
            "locale": "ru"
          },
          "lib/net452/ru/UiPath.Mail.Activities.resources.dll": {
            "locale": "ru"
          },
          "lib/net452/ru/UiPath.Mail.resources.dll": {
            "locale": "ru"
          }
        }
      },
      "UiPath.OCR.Contracts/2.2.1": {
        "type": "package",
        "compile": {
          "lib/net45/_._": {}
        },
        "runtime": {
          "lib/net45/UiPath.OCR.Contracts.dll": {}
        }
      },
      "UiPath.OmniPage.Activities/1.2.0": {
        "type": "package",
        "dependencies": {
          "Newtonsoft.Json": "11.0.2",
          "UiPath.OCR.Contracts": "2.2.1",
          "UiPath.OmniPage.Bundle": "1.0.2"
        },
        "compile": {
          "lib/net452/_._": {}
        },
        "runtime": {
          "lib/net452/UiPath.OmniPage.Activities.Design.dll": {},
          "lib/net452/UiPath.OmniPage.Activities.dll": {},
          "lib/net452/UiPath.OmniPage.Host32.exe": {},
          "lib/net452/UiPath.Vision.OmniPage.Core.dll": {},
          "lib/net452/UiPath.Vision.OmniPage.dll": {}
        },
        "resource": {
          "lib/net452/de/UiPath.OmniPage.Activities.Design.resources.dll": {
            "locale": "de"
          },
          "lib/net452/de/UiPath.OmniPage.Activities.resources.dll": {
            "locale": "de"
          },
          "lib/net452/es-MX/UiPath.OmniPage.Activities.Design.resources.dll": {
            "locale": "es-MX"
          },
          "lib/net452/es-MX/UiPath.OmniPage.Activities.resources.dll": {
            "locale": "es-MX"
          },
          "lib/net452/es/UiPath.OmniPage.Activities.Design.resources.dll": {
            "locale": "es"
          },
          "lib/net452/es/UiPath.OmniPage.Activities.resources.dll": {
            "locale": "es"
          },
          "lib/net452/fr/UiPath.OmniPage.Activities.Design.resources.dll": {
            "locale": "fr"
          },
          "lib/net452/fr/UiPath.OmniPage.Activities.resources.dll": {
            "locale": "fr"
          },
          "lib/net452/ja/UiPath.OmniPage.Activities.Design.resources.dll": {
            "locale": "ja"
          },
          "lib/net452/ja/UiPath.OmniPage.Activities.resources.dll": {
            "locale": "ja"
          },
          "lib/net452/ko/UiPath.OmniPage.Activities.Design.resources.dll": {
            "locale": "ko"
          },
          "lib/net452/ko/UiPath.OmniPage.Activities.resources.dll": {
            "locale": "ko"
          },
          "lib/net452/pt-BR/UiPath.OmniPage.Activities.Design.resources.dll": {
            "locale": "pt-BR"
          },
          "lib/net452/pt-BR/UiPath.OmniPage.Activities.resources.dll": {
            "locale": "pt-BR"
          },
          "lib/net452/pt/UiPath.OmniPage.Activities.Design.resources.dll": {
            "locale": "pt"
          },
          "lib/net452/pt/UiPath.OmniPage.Activities.resources.dll": {
            "locale": "pt"
          },
          "lib/net452/ru/UiPath.OmniPage.Activities.Design.resources.dll": {
            "locale": "ru"
          },
          "lib/net452/ru/UiPath.OmniPage.Activities.resources.dll": {
            "locale": "ru"
          },
          "lib/net452/tr/UiPath.OmniPage.Activities.Design.resources.dll": {
            "locale": "tr"
          },
          "lib/net452/tr/UiPath.OmniPage.Activities.resources.dll": {
            "locale": "tr"
          },
          "lib/net452/zh-CN/UiPath.OmniPage.Activities.Design.resources.dll": {
            "locale": "zh-CN"
          },
          "lib/net452/zh-CN/UiPath.OmniPage.Activities.resources.dll": {
            "locale": "zh-CN"
          }
        }
      },
      "UiPath.OmniPage.Bundle/1.0.2": {
        "type": "package",
        "compile": {
          "lib/net452/_._": {}
        },
        "runtime": {
          "lib/net452/Nuance.OmniPage.CSDK.ArgTypes.dll": {},
          "lib/net452/Nuance.OmniPage.CSDK.CAPI.dll": {},
          "lib/net452/Nuance.OmniPage.CSDK.Objects.dll": {}
        },
        "build": {
          "build/_._": {}
        }
      },
      "UiPath.PDF.Activities/3.1.0": {
        "type": "package",
        "dependencies": {
          "BitMiracle.Docotic.Pdf": "5.10.9957",
          "System.ValueTuple": "4.5.0",
          "UiPath.OCR.Contracts": "1.0.0"
        },
        "compile": {
          "lib/net461/_._": {}
        },
        "runtime": {
          "lib/net461/UiPath.PDF.Activities.Design.dll": {},
          "lib/net461/UiPath.PDF.Activities.dll": {},
          "lib/net461/UiPath.PDF.dll": {}
        },
        "resource": {
          "lib/net461/de/UiPath.PDF.Activities.Design.resources.dll": {
            "locale": "de"
          },
          "lib/net461/de/UiPath.PDF.Activities.resources.dll": {
            "locale": "de"
          },
          "lib/net461/de/UiPath.PDF.resources.dll": {
            "locale": "de"
          },
          "lib/net461/es-MX/UiPath.PDF.Activities.Design.resources.dll": {
            "locale": "es-MX"
          },
          "lib/net461/es-MX/UiPath.PDF.Activities.resources.dll": {
            "locale": "es-MX"
          },
          "lib/net461/es-MX/UiPath.PDF.resources.dll": {
            "locale": "es-MX"
          },
          "lib/net461/es/UiPath.PDF.Activities.Design.resources.dll": {
            "locale": "es"
          },
          "lib/net461/es/UiPath.PDF.Activities.resources.dll": {
            "locale": "es"
          },
          "lib/net461/es/UiPath.PDF.resources.dll": {
            "locale": "es"
          },
          "lib/net461/fr/UiPath.PDF.Activities.Design.resources.dll": {
            "locale": "fr"
          },
          "lib/net461/fr/UiPath.PDF.Activities.resources.dll": {
            "locale": "fr"
          },
          "lib/net461/fr/UiPath.PDF.resources.dll": {
            "locale": "fr"
          },
          "lib/net461/ja/UiPath.PDF.Activities.Design.resources.dll": {
            "locale": "ja"
          },
          "lib/net461/ja/UiPath.PDF.Activities.resources.dll": {
            "locale": "ja"
          },
          "lib/net461/ja/UiPath.PDF.resources.dll": {
            "locale": "ja"
          },
          "lib/net461/ko/UiPath.PDF.Activities.Design.resources.dll": {
            "locale": "ko"
          },
          "lib/net461/ko/UiPath.PDF.Activities.resources.dll": {
            "locale": "ko"
          },
          "lib/net461/ko/UiPath.PDF.resources.dll": {
            "locale": "ko"
          },
          "lib/net461/pt-BR/UiPath.PDF.Activities.Design.resources.dll": {
            "locale": "pt-BR"
          },
          "lib/net461/pt-BR/UiPath.PDF.Activities.resources.dll": {
            "locale": "pt-BR"
          },
          "lib/net461/pt-BR/UiPath.PDF.resources.dll": {
            "locale": "pt-BR"
          },
          "lib/net461/pt/UiPath.PDF.Activities.Design.resources.dll": {
            "locale": "pt"
          },
          "lib/net461/pt/UiPath.PDF.Activities.resources.dll": {
            "locale": "pt"
          },
          "lib/net461/pt/UiPath.PDF.resources.dll": {
            "locale": "pt"
          },
          "lib/net461/ru/UiPath.PDF.Activities.Design.resources.dll": {
            "locale": "ru"
          },
          "lib/net461/ru/UiPath.PDF.Activities.resources.dll": {
            "locale": "ru"
          },
          "lib/net461/ru/UiPath.PDF.resources.dll": {
            "locale": "ru"
          },
          "lib/net461/tr/UiPath.PDF.Activities.Design.resources.dll": {
            "locale": "tr"
          },
          "lib/net461/tr/UiPath.PDF.Activities.resources.dll": {
            "locale": "tr"
          },
          "lib/net461/tr/UiPath.PDF.resources.dll": {
            "locale": "tr"
          },
          "lib/net461/zh-CN/UiPath.PDF.Activities.Design.resources.dll": {
            "locale": "zh-CN"
          },
          "lib/net461/zh-CN/UiPath.PDF.Activities.resources.dll": {
            "locale": "zh-CN"
          },
          "lib/net461/zh-CN/UiPath.PDF.resources.dll": {
            "locale": "zh-CN"
          }
        }
      },
      "UiPath.System.Activities/19.2.0": {
        "type": "package",
        "dependencies": {
          "CsvHelper": "2.13.5",
          "Microsoft.Rest.ClientRuntime": "2.3.10",
          "Newtonsoft.Json": "11.0.2"
        },
        "compile": {
          "lib/net461/_._": {}
        },
        "runtime": {
          "lib/net461/ActiproSoftware.Docking.Wpf.dll": {},
          "lib/net461/ActiproSoftware.Ribbon.Wpf.dll": {},
          "lib/net461/ActiproSoftware.Shared.Wpf.dll": {},
          "lib/net461/ActiproSoftware.SyntaxEditor.Addons.DotNet.Wpf.dll": {},
          "lib/net461/ActiproSoftware.SyntaxEditor.Wpf.dll": {},
          "lib/net461/ActiproSoftware.Text.Addons.DotNet.Wpf.dll": {},
          "lib/net461/ActiproSoftware.Text.LLParser.Wpf.dll": {},
          "lib/net461/ActiproSoftware.Text.Wpf.dll": {},
          "lib/net461/ActiproSoftware.Wizard.Wpf.dll": {},
          "lib/net461/CustomInputForm.exe": {},
          "lib/net461/UiPath.OrchestratorClient.dll": {},
          "lib/net461/UiPath.System.Activities.Design.dll": {},
          "lib/net461/UiPath.System.Activities.dll": {}
        },
        "resource": {
          "lib/net461/fr/UiPath.System.Activities.Design.resources.dll": {
            "locale": "fr"
          },
          "lib/net461/fr/UiPath.System.Activities.resources.dll": {
            "locale": "fr"
          },
          "lib/net461/ja/UiPath.System.Activities.Design.resources.dll": {
            "locale": "ja"
          },
          "lib/net461/ja/UiPath.System.Activities.resources.dll": {
            "locale": "ja"
          },
          "lib/net461/ru/UiPath.System.Activities.Design.resources.dll": {
            "locale": "ru"
          },
          "lib/net461/ru/UiPath.System.Activities.resources.dll": {
            "locale": "ru"
          }
        }
      },
      "UiPath.UIAutomation.Activities/19.2.0": {
        "type": "package",
        "dependencies": {
          "AvalonEdit": "5.0.3",
          "Extended.Wpf.Toolkit": "2.8.0",
          "Humanizer.Core": "2.4.2",
          "UiPath": "10.0.6957.21531",
          "UiPath.Vision": "1.3.0"
        },
        "compile": {
          "lib/net461/_._": {}
        },
        "runtime": {
          "lib/net461/ActiproSoftware.Docking.Wpf.dll": {},
          "lib/net461/ActiproSoftware.Editors.Wpf.dll": {},
          "lib/net461/ActiproSoftware.Ribbon.Wpf.dll": {},
          "lib/net461/ActiproSoftware.Shared.Wpf.dll": {},
          "lib/net461/ActiproSoftware.SyntaxEditor.Addons.DotNet.Wpf.dll": {},
          "lib/net461/ActiproSoftware.SyntaxEditor.Wpf.dll": {},
          "lib/net461/ActiproSoftware.Text.Addons.DotNet.Wpf.dll": {},
          "lib/net461/ActiproSoftware.Text.LLParser.Wpf.dll": {},
          "lib/net461/ActiproSoftware.Text.Wpf.dll": {},
          "lib/net461/ActiproSoftware.Wizard.Wpf.dll": {},
          "lib/net461/UiPath.UIAutomation.Activities.Design.dll": {},
          "lib/net461/UiPath.UiAutomation.Activities.dll": {},
          "lib/net461/UiPath.Wizards.dll": {}
        },
        "resource": {
          "lib/net461/fr/UiPath.UIAutomation.Activities.Design.resources.dll": {
            "locale": "fr"
          },
          "lib/net461/fr/UiPath.UiAutomation.Activities.resources.dll": {
            "locale": "fr"
          },
          "lib/net461/fr/UiPath.Wizards.resources.dll": {
            "locale": "fr"
          },
          "lib/net461/ja/UiPath.UIAutomation.Activities.Design.resources.dll": {
            "locale": "ja"
          },
          "lib/net461/ja/UiPath.UiAutomation.Activities.resources.dll": {
            "locale": "ja"
          },
          "lib/net461/ja/UiPath.Wizards.resources.dll": {
            "locale": "ja"
          },
          "lib/net461/ru/UiPath.UIAutomation.Activities.Design.resources.dll": {
            "locale": "ru"
          },
          "lib/net461/ru/UiPath.UiAutomation.Activities.resources.dll": {
            "locale": "ru"
          },
          "lib/net461/ru/UiPath.Wizards.resources.dll": {
            "locale": "ru"
          }
        }
      },
      "UiPath.Vision/1.3.0": {
        "type": "package",
        "compile": {
          "lib/net452/_._": {}
        },
        "runtime": {
          "lib/net452/UiPath.Vision.Core.dll": {},
          "lib/net452/UiPath.Vision.dll": {}
        }
      }
    }
  },
  "libraries": {
    "Atalasoft.dotImage.Lib.x64/11.2.0.1267": {
      "sha512": "v3QZk9WPKyE6HJsm2kDycuLqqLY5JhMNa4wj2QFECPCA0EdTJO5nz5URXiMFlOU2bDw6w/jZXTSrKDAJxs9JVQ==",
      "type": "package",
      "path": "atalasoft.dotimage.lib.x64/11.2.0.1267",
      "files": [
        ".nupkg.metadata",
        ".signature.p7s",
        "atalasoft.dotimage.lib.x64.11.2.0.1267.nupkg.sha512",
        "atalasoft.dotimage.lib.x64.nuspec",
        "build/Atalasoft.dotImage.Lib.x64.targets",
        "lib/net35/Atalasoft.dotImage.Lib.dll",
        "lib/net452/Atalasoft.dotImage.Lib.dll"
      ]
    },
    "Atalasoft.dotImage.Ocr.Abbyy.x64/11.2.0.1267": {
      "sha512": "/SPxBnv0qoPGL61LrDCzKawG6qnmS84w3uihyaFgip74/MigT1txwCKxbSAu9JiFbIyEHuJC4gOIuK929JOakQ==",
      "type": "package",
      "path": "atalasoft.dotimage.ocr.abbyy.x64/11.2.0.1267",
      "files": [
        ".nupkg.metadata",
        ".signature.p7s",
        "atalasoft.dotimage.ocr.abbyy.x64.11.2.0.1267.nupkg.sha512",
        "atalasoft.dotimage.ocr.abbyy.x64.nuspec",
        "build/Atalasoft.dotImage.Ocr.Abbyy.x64.targets",
        "lib/net35/Atalasoft.dotImage.Ocr.Abbyy.dll",
        "lib/net35/Atalasoft.dotImage.Ocr.Abbyy.xml",
        "lib/net452/Atalasoft.dotImage.Ocr.Abbyy.dll",
        "lib/net452/Atalasoft.dotImage.Ocr.Abbyy.xml"
      ]
    },
    "Atalasoft.dotImage.Ocr.x64/11.2.0.1267": {
      "sha512": "SIfWm7S/N5SbFyxpEYIm2ANoj57j5/0wsRXknuFTcJonfL05UDLsJGBPTteRf8/AcrkiwLlRhlsnv7VibbodXQ==",
      "type": "package",
      "path": "atalasoft.dotimage.ocr.x64/11.2.0.1267",
      "files": [
        ".nupkg.metadata",
        ".signature.p7s",
        "atalasoft.dotimage.ocr.x64.11.2.0.1267.nupkg.sha512",
        "atalasoft.dotimage.ocr.x64.nuspec",
        "build/Atalasoft.dotImage.Ocr.x64.targets",
        "lib/net35/Atalasoft.dotImage.Ocr.dll",
        "lib/net35/Atalasoft.dotImage.Ocr.xml",
        "lib/net452/Atalasoft.dotImage.Ocr.dll",
        "lib/net452/Atalasoft.dotImage.Ocr.xml"
      ]
    },
    "Atalasoft.dotImage.x64/11.2.0.1267": {
      "sha512": "TMCoKjjLb9pzI2RZIEUCG2aNdiWY5JEK/zDR5KIl9WKuUNFnK6ToVCm1P2lKf/svGJ4N7P6ADoo3SwF+eu9n/Q==",
      "type": "package",
      "path": "atalasoft.dotimage.x64/11.2.0.1267",
      "files": [
        ".nupkg.metadata",
        ".signature.p7s",
        "atalasoft.dotimage.x64.11.2.0.1267.nupkg.sha512",
        "atalasoft.dotimage.x64.nuspec",
        "build/Atalasoft.dotImage.x64.targets",
        "lib/net35/Atalasoft.dotImage.dll",
        "lib/net35/Atalasoft.dotImage.xml",
        "lib/net452/Atalasoft.dotImage.dll",
        "lib/net452/Atalasoft.dotImage.xml"
      ]
    },
    "Atalasoft.PdfDoc.x64/11.2.0.1267": {
      "sha512": "v9aYlvE6aP0aDSfej/p1l58963JueDtRRr/xVlQXCOqVpSn1+EIglqVedA5wr6j00a2Big6AkpzBKPfY1R7nUQ==",
      "type": "package",
      "path": "atalasoft.pdfdoc.x64/11.2.0.1267",
      "files": [
        ".nupkg.metadata",
        ".signature.p7s",
        "atalasoft.pdfdoc.x64.11.2.0.1267.nupkg.sha512",
        "atalasoft.pdfdoc.x64.nuspec",
        "build/Atalasoft.PdfDoc.x64.targets",
        "lib/net35/Atalasoft.PdfDoc.dll",
        "lib/net35/Atalasoft.PdfDoc.xml",
        "lib/net452/Atalasoft.PdfDoc.dll",
        "lib/net452/Atalasoft.PdfDoc.xml"
      ]
    },
    "Atalasoft.Shared/11.2.0.1267": {
      "sha512": "UmcAWy7MWKjp4uyhyGIx9t0ZllHwOQH4VcNW9B8Wtkw38nZ3NTf3+VZddSqvCRF0jyEeXrnj/+AXBY8YuL/pIg==",
      "type": "package",
      "path": "atalasoft.shared/11.2.0.1267",
      "files": [
        ".nupkg.metadata",
        ".signature.p7s",
        "atalasoft.shared.11.2.0.1267.nupkg.sha512",
        "atalasoft.shared.nuspec",
        "lib/net35/Atalasoft.Shared.dll",
        "lib/net452/Atalasoft.Shared.dll"
      ]
    },
    "AvalonEdit/5.0.3": {
      "sha512": "L5CgXRniZRxI/tjoBztVgZnvTL1F/qKrRJa+Q88I0Gl78WRNaqdMkuOlkAsOHTauBGZSQNDO0/X+xIpzfzmLdQ==",
      "type": "package",
      "path": "avalonedit/5.0.3",
      "files": [
        ".nupkg.metadata",
        "avalonedit.5.0.3.nupkg.sha512",
        "avalonedit.nuspec",
        "lib/Net35/ICSharpCode.AvalonEdit.dll",
        "lib/Net35/ICSharpCode.AvalonEdit.xml",
        "lib/Net40/ICSharpCode.AvalonEdit.dll",
        "lib/Net40/ICSharpCode.AvalonEdit.xml"
      ]
    },
    "BitMiracle.Docotic.Pdf/5.10.9957": {
      "sha512": "Ytz10JYo2XL5dLKEwPq60fvtWvWCiTDC6BGkaW9SN6CZ5ItAHINEWE1bdycYWXHQtka0ZkjkAUWtcNhdXdeFAg==",
      "type": "package",
      "path": "bitmiracle.docotic.pdf/5.10.9957",
      "files": [
        ".nupkg.metadata",
        ".signature.p7s",
        "bitmiracle.docotic.pdf.5.10.9957.nupkg.sha512",
        "bitmiracle.docotic.pdf.nuspec",
        "lib/net40/BitMiracle.Docotic.Pdf.dll",
        "lib/net40/BitMiracle.Docotic.Pdf.xml",
        "lib/netstandard2.0/BitMiracle.Docotic.Pdf.dll",
        "lib/netstandard2.0/BitMiracle.Docotic.Pdf.xml",
        "license.txt",
        "readme.txt"
      ]
    },
    "BouncyCastle/1.8.1": {
      "sha512": "nH+P67LavO5EcxjKdBxFfRdfdFhivS3Xp3+0br1KcpCI8DM6ksCWy6YYZjk7XFV+VsHGtkUovwIZ/vmCp42geA==",
      "type": "package",
      "path": "bouncycastle/1.8.1",
      "files": [
        ".nupkg.metadata",
        "Readme.txt",
        "bouncycastle.1.8.1.nupkg.sha512",
        "bouncycastle.nuspec",
        "lib/BouncyCastle.Crypto.dll"
      ]
    },
    "ClosedXML/0.87.1": {
      "sha512": "2LC0T8bu2G2kt34C4Ig87uZfrRO4MwMVI54e2To7m3DvwAs2Z2Ir86WQuUoW8Txo1uNGSfmu3DpfpQhSX0bIww==",
      "type": "package",
      "path": "closedxml/0.87.1",
      "files": [
        "closedxml.0.87.1.nupkg.sha512",
        "closedxml.nuspec",
        "lib/net35/ClosedXML.dll",
        "lib/net35/ClosedXML.pdb",
        "lib/net35/ClosedXML.xml",
        "lib/net40/ClosedXML.dll",
        "lib/net40/ClosedXML.pdb",
        "lib/net40/ClosedXML.xml"
      ]
    },
    "CsvHelper/2.13.5": {
      "sha512": "fC8DPi/YTcZ8uXFiAeuT9EpsR2TE5cSJ2jg/4tht/Oen6az/djebpYoCQEtI33RfNrSZ533SedOknlWtUTX3fw==",
      "type": "package",
      "path": "csvhelper/2.13.5",
      "files": [
        ".nupkg.metadata",
        "csvhelper.2.13.5.nupkg.sha512",
        "csvhelper.nuspec",
        "lib/net20/CsvHelper.dll",
        "lib/net20/CsvHelper.pdb",
        "lib/net20/CsvHelper.xml",
        "lib/net35-client/CsvHelper.dll",
        "lib/net35-client/CsvHelper.pdb",
        "lib/net35-client/CsvHelper.xml",
        "lib/net40-client/CsvHelper.dll",
        "lib/net40-client/CsvHelper.pdb",
        "lib/net40-client/CsvHelper.xml",
        "lib/portable-net40+sl5+win8+wpa+wp8/CsvHelper.dll",
        "lib/portable-net40+sl5+win8+wpa+wp8/CsvHelper.pdb",
        "lib/portable-net40+sl5+win8+wpa+wp8/CsvHelper.xml"
      ]
    },
    "DocumentFormat.OpenXml/2.5.0": {
      "sha512": "H5jnox0hcLwzAjrpNqDPIItjh7dplF1kk1z8LatpI2h75wBgps1MepEttJFKs7xedQReCMHA0tGpNI0H2B+Mrg==",
      "type": "package",
      "path": "documentformat.openxml/2.5.0",
      "files": [
        "documentformat.openxml.2.5.0.nupkg.sha512",
        "documentformat.openxml.nuspec",
        "lib/DocumentFormat.OpenXml.dll"
      ]
    },
    "Extended.Wpf.Toolkit/2.8.0": {
      "sha512": "wKjJl4sDyXTVzgiKTBTw8jT0/3OwpEklQuWGe1Nz2HX0joiBeUzIurY2mnERni+8XHwateRcuks6yk/cuR22fA==",
      "type": "package",
      "path": "extended.wpf.toolkit/2.8.0",
      "hasTools": true,
      "files": [
        ".nupkg.metadata",
        ".signature.p7s",
        "extended.wpf.toolkit.2.8.0.nupkg.sha512",
        "extended.wpf.toolkit.nuspec",
        "lib/net35/WPFToolkit.dll",
        "lib/net35/Xceed.Wpf.Toolkit.dll",
        "lib/net40/Xceed.Wpf.AvalonDock.Themes.Aero.dll",
        "lib/net40/Xceed.Wpf.AvalonDock.Themes.Metro.dll",
        "lib/net40/Xceed.Wpf.AvalonDock.Themes.VS2010.dll",
        "lib/net40/Xceed.Wpf.AvalonDock.dll",
        "lib/net40/Xceed.Wpf.DataGrid.dll",
        "lib/net40/Xceed.Wpf.Toolkit.dll",
        "lib/net40/de/Xceed.Wpf.AvalonDock.resources.dll",
        "lib/net40/es/Xceed.Wpf.AvalonDock.resources.dll",
        "lib/net40/fr/Xceed.Wpf.AvalonDock.resources.dll",
        "lib/net40/hu/Xceed.Wpf.AvalonDock.resources.dll",
        "lib/net40/it/Xceed.Wpf.AvalonDock.resources.dll",
        "lib/net40/pt-BR/Xceed.Wpf.AvalonDock.resources.dll",
        "lib/net40/ro/Xceed.Wpf.AvalonDock.resources.dll",
        "lib/net40/ru/Xceed.Wpf.AvalonDock.resources.dll",
        "lib/net40/sv/Xceed.Wpf.AvalonDock.resources.dll",
        "lib/net40/zh-Hans/Xceed.Wpf.AvalonDock.resources.dll",
        "tools/install.ps1"
      ]
    },
    "Humanizer.Core/2.4.2": {
      "sha512": "1ZKy7LHVYuhmM398hpvyWCcc2Fcx+hqiGYASELDthjWhVrsA6IabYnHRfkQFF6nGG6x4fA1D0StDX/U2Pj+FdQ==",
      "type": "package",
      "path": "humanizer.core/2.4.2",
      "files": [
        ".nupkg.metadata",
        ".signature.p7s",
        "humanizer.core.2.4.2.nupkg.sha512",
        "humanizer.core.nuspec",
        "lib/netstandard1.0/Humanizer.dll",
        "lib/netstandard1.0/Humanizer.xml",
        "lib/netstandard2.0/Humanizer.dll",
        "lib/netstandard2.0/Humanizer.xml"
      ]
    },
    "Microsoft.Exchange.WebServices/2.2.0": {
      "sha512": "NlkaTD0uWtg9VbiWq0VDWMBPzHFknH3tmstrxt0acrT09LBGqATTjRpsGOODz6tUdX7/dehBinxsf75U5Uw/+A==",
      "type": "package",
      "path": "microsoft.exchange.webservices/2.2.0",
      "files": [
        ".nupkg.metadata",
        "doc/License Terms.rtf",
        "doc/README.htm",
        "doc/Redist.txt",
        "lib/40/Microsoft.Exchange.WebServices.Auth.dll",
        "lib/40/Microsoft.Exchange.WebServices.Auth.pdb",
        "lib/40/Microsoft.Exchange.WebServices.Auth.xml",
        "lib/40/Microsoft.Exchange.WebServices.dll",
        "lib/40/Microsoft.Exchange.WebServices.pdb",
        "lib/40/Microsoft.Exchange.WebServices.xml",
        "microsoft.exchange.webservices.2.2.0.nupkg.sha512",
        "microsoft.exchange.webservices.nuspec"
      ]
    },
    "Microsoft.Rest.ClientRuntime/2.3.10": {
      "sha512": "JO9CzV1hvjtrIzq06gJ5nNv7GV24Xz3Y3O9vx7fCe7ndNA0NmD3fZ9JUgFir2UvJ2/+9vvCo/6RXjyfywvQQIw==",
      "type": "package",
      "path": "microsoft.rest.clientruntime/2.3.10",
      "files": [
        ".nupkg.metadata",
        ".signature.p7s",
        "lib/net452/Microsoft.Rest.ClientRuntime.dll",
        "lib/net452/Microsoft.Rest.ClientRuntime.runtimeconfig.json",
        "lib/net452/Microsoft.Rest.ClientRuntime.xml",
        "lib/netstandard1.4/Microsoft.Rest.ClientRuntime.dll",
        "lib/netstandard1.4/Microsoft.Rest.ClientRuntime.runtimeconfig.json",
        "lib/netstandard1.4/Microsoft.Rest.ClientRuntime.xml",
        "microsoft.rest.clientruntime.2.3.10.nupkg.sha512",
        "microsoft.rest.clientruntime.nuspec"
      ]
    },
    "Microsoft.VisualStudio.OLE.Interop/7.10.6071": {
      "sha512": "PuINhJH41DbKfkNU+qcyC4Wlt/z0DgI/ViZv6gjUclylnFbUIpCdqm4fK+PKJDfiarHTKnGWkxjKuOIS1Bqs5Q==",
      "type": "package",
      "path": "microsoft.visualstudio.ole.interop/7.10.6071",
      "files": [
        "lib/Microsoft.VisualStudio.OLE.Interop.dll",
        "lib/Microsoft.VisualStudio.OLE.Interop.xml",
        "microsoft.visualstudio.ole.interop.7.10.6071.nupkg.sha512",
        "microsoft.visualstudio.ole.interop.nuspec"
      ]
    },
    "Newtonsoft.Json/11.0.2": {
      "sha512": "IvJe1pj7JHEsP8B8J8DwlMEx8UInrs/x+9oVY+oCD13jpLu4JbJU2WCIsMRn5C4yW9+DgkaO8uiVE5VHKjpmdQ==",
      "type": "package",
      "path": "newtonsoft.json/11.0.2",
      "files": [
        ".nupkg.metadata",
        ".signature.p7s",
        "LICENSE.md",
        "lib/net20/Newtonsoft.Json.dll",
        "lib/net20/Newtonsoft.Json.xml",
        "lib/net35/Newtonsoft.Json.dll",
        "lib/net35/Newtonsoft.Json.xml",
        "lib/net40/Newtonsoft.Json.dll",
        "lib/net40/Newtonsoft.Json.xml",
        "lib/net45/Newtonsoft.Json.dll",
        "lib/net45/Newtonsoft.Json.xml",
        "lib/netstandard1.0/Newtonsoft.Json.dll",
        "lib/netstandard1.0/Newtonsoft.Json.xml",
        "lib/netstandard1.3/Newtonsoft.Json.dll",
        "lib/netstandard1.3/Newtonsoft.Json.xml",
        "lib/netstandard2.0/Newtonsoft.Json.dll",
        "lib/netstandard2.0/Newtonsoft.Json.xml",
        "lib/portable-net40+sl5+win8+wp8+wpa81/Newtonsoft.Json.dll",
        "lib/portable-net40+sl5+win8+wp8+wpa81/Newtonsoft.Json.xml",
        "lib/portable-net45+win8+wp8+wpa81/Newtonsoft.Json.dll",
        "lib/portable-net45+win8+wp8+wpa81/Newtonsoft.Json.xml",
        "newtonsoft.json.11.0.2.nupkg.sha512",
        "newtonsoft.json.nuspec"
      ]
    },
    "NPOI/2.4.1": {
      "sha512": "85790/CY9z4DCU1KLpcdLSqaqaqmQOenTqXJfcsYK8LIKNAAoTgjT5LYLbORgdwAd63sbaJiCfB1SIn/dAXrJw==",
      "type": "package",
      "path": "npoi/2.4.1",
      "files": [
        ".nupkg.metadata",
        "LICENSE",
        "Read Me.txt",
        "lib/NPOI.xml",
        "lib/net40/NPOI.OOXML.dll",
        "lib/net40/NPOI.OpenXml4Net.dll",
        "lib/net40/NPOI.OpenXmlFormats.dll",
        "lib/net40/NPOI.dll",
        "lib/net45/NPOI.OOXML.dll",
        "lib/net45/NPOI.OpenXml4Net.dll",
        "lib/net45/NPOI.OpenXmlFormats.dll",
        "lib/net45/NPOI.dll",
        "lib/netstandard2.0/NPOI.OOXML.deps.json",
        "lib/netstandard2.0/NPOI.OOXML.dll",
        "lib/netstandard2.0/NPOI.OpenXml4Net.deps.json",
        "lib/netstandard2.0/NPOI.OpenXml4Net.dll",
        "lib/netstandard2.0/NPOI.OpenXmlFormats.deps.json",
        "lib/netstandard2.0/NPOI.OpenXmlFormats.dll",
        "lib/netstandard2.0/NPOI.deps.json",
        "lib/netstandard2.0/NPOI.dll",
        "logo/120_120.jpg",
        "logo/240_240.png",
        "logo/32_32.jpg",
        "logo/60_60.jpg",
        "npoi.2.4.1.nupkg.sha512",
        "npoi.nuspec"
      ]
    },
    "SharpZipLib/1.0.0": {
      "sha512": "YuYztmY3jEb21F6e5LIPHJjApdtzdCPQ284UzsCKNfkgW71bukFHJES6RbKi+wm053XzFg0LX5/2vj/9gl8F/g==",
      "type": "package",
      "path": "sharpziplib/1.0.0",
      "files": [
        ".nupkg.metadata",
        "lib/net45/ICSharpCode.SharpZipLib.dll",
        "lib/net45/ICSharpCode.SharpZipLib.xml",
        "lib/netstandard2.0/ICSharpCode.SharpZipLib.dll",
        "lib/netstandard2.0/ICSharpCode.SharpZipLib.xml",
        "sharpziplib.1.0.0.nupkg.sha512",
        "sharpziplib.nuspec"
      ]
    },
    "System.ValueTuple/4.5.0": {
      "sha512": "okurQJO6NRE/apDIP23ajJ0hpiNmJ+f0BwOlB/cSqTLQlw5upkf+5+96+iG2Jw40G1fCVCyPz/FhIABUjMR+RQ==",
      "type": "package",
      "path": "system.valuetuple/4.5.0",
      "files": [
        ".nupkg.metadata",
        ".signature.p7s",
        "LICENSE.TXT",
        "THIRD-PARTY-NOTICES.TXT",
        "lib/MonoAndroid10/_._",
        "lib/MonoTouch10/_._",
        "lib/net461/System.ValueTuple.dll",
        "lib/net461/System.ValueTuple.xml",
        "lib/net47/System.ValueTuple.dll",
        "lib/net47/System.ValueTuple.xml",
        "lib/netcoreapp2.0/_._",
        "lib/netstandard1.0/System.ValueTuple.dll",
        "lib/netstandard1.0/System.ValueTuple.xml",
        "lib/netstandard2.0/_._",
        "lib/portable-net40+sl4+win8+wp8/System.ValueTuple.dll",
        "lib/portable-net40+sl4+win8+wp8/System.ValueTuple.xml",
        "lib/uap10.0.16299/_._",
        "lib/xamarinios10/_._",
        "lib/xamarinmac20/_._",
        "lib/xamarintvos10/_._",
        "lib/xamarinwatchos10/_._",
        "ref/MonoAndroid10/_._",
        "ref/MonoTouch10/_._",
        "ref/net461/System.ValueTuple.dll",
        "ref/net47/System.ValueTuple.dll",
        "ref/netcoreapp2.0/_._",
        "ref/netstandard2.0/_._",
        "ref/portable-net40+sl4+win8+wp8/System.ValueTuple.dll",
        "ref/uap10.0.16299/_._",
        "ref/xamarinios10/_._",
        "ref/xamarinmac20/_._",
        "ref/xamarintvos10/_._",
        "ref/xamarinwatchos10/_._",
        "system.valuetuple.4.5.0.nupkg.sha512",
        "system.valuetuple.nuspec",
        "useSharedDesignerContext.txt",
        "version.txt"
      ]
    },
    "UiPath/10.0.6957.21531": {
      "sha512": "7uXQgp918vs4cbLiMZAdlz871SjfQLygWDCL+kq8ezsBlVnV4gk6/6Mq1rdAsQM+F409VMwEweuW4HUokbtVow==",
      "type": "package",
      "path": "uipath/10.0.6957.21531",
      "files": [
        "build/UiPath.targets",
        "build/UiPath/BrowserNativeMessagingImpl.dll",
        "build/UiPath/FuncServer_x64.exe",
        "build/UiPath/FuncServer_x86.exe",
        "build/UiPath/JavaSupport/UiPathBridge.jar",
        "build/UiPath/JavaSupport/UiPathJBIntruder.jar",
        "build/UiPath/JavaSupport/UiPathV8.jar",
        "build/UiPath/JavaSupport/attach_x64/6/attach.dll",
        "build/UiPath/JavaSupport/attach_x64/7/attach.dll",
        "build/UiPath/JavaSupport/attach_x86/6/attach.dll",
        "build/UiPath/JavaSupport/attach_x86/7/attach.dll",
        "build/UiPath/JavaSupport/jaccess-1_2.jar",
        "build/UiPath/JavaSupport/jaccess-1_3.jar",
        "build/UiPath/JavaSupport/jaccess-1_4.jar",
        "build/UiPath/JavaSupport/jaccess.jar",
        "build/UiPath/JavaSupport/tools.jar",
        "build/UiPath/JavaSupport/xml-apis.jar",
        "build/UiPath/Resources/x32.manifest",
        "build/UiPath/Resources/x64.manifest",
        "build/UiPath/SLBroker.dll",
        "build/UiPath/SLBroker.xap",
        "build/UiPath/SLHook.dll",
        "build/UiPath/ShaferFilechck.dll",
        "build/UiPath/TCapture.dll",
        "build/UiPath/TCapture_x64.dll",
        "build/UiPath/UiEventHook.dll",
        "build/UiPath/UiEventHook_x64.dll",
        "build/UiPath/UiPath.dll",
        "build/UiPath/UiPathJavaBridgeImplV8.dll",
        "build/UiPath/UiPathJavaBridgeImplV8_x64.dll",
        "build/UiPath/UiPathJavaBridgeV8.dll",
        "build/UiPath/UiPathJavaBridgeV8_x64.dll",
        "build/UiPath/UiPathRemoteRuntime.exe",
        "build/UiPath/UiPathSLB.dll",
        "build/UiPath/UiPathSLB_x64.dll",
        "build/UiPath/UiPathVirtualChannelCitrix.dll",
        "build/UiPath/UiPathVirtualChannelRdp.dll",
        "build/UiPath/UiPath_x64.dll",
        "build/UiPath/aahook.dll",
        "build/UiPath/aahook_x64.dll",
        "build/UiPath/license.config",
        "build/UiPath/msvcr100.dll",
        "build/UiPath/slinject.exe",
        "build/UiPath/x64/ShaferFilechck_x64.DLL",
        "build/UiPath/x64/msvcr100.dll",
        "lib/UiPath.Interop.dll",
        "uipath.10.0.6957.21531.nupkg.sha512",
        "uipath.nuspec"
      ]
    },
    "UiPath.Excel.Activities/2.5.2": {
      "sha512": "CNXcB2+kpNp9z2CUTZKZjNtvO1nqloVmyKRrHUgObqXHSm1syr7wDeVYvYajtOOw5P2vlo0i8Ro85SJRs79fRg==",
      "type": "package",
      "path": "uipath.excel.activities/2.5.2",
      "files": [
        "lib/net452/UiPath.Excel.Activities.Design.dll",
        "lib/net452/UiPath.Excel.Activities.dll",
        "lib/net452/UiPath.Excel.dll",
        "lib/net452/fr/UiPath.Excel.Activities.Design.resources.dll",
        "lib/net452/fr/UiPath.Excel.Activities.resources.dll",
        "lib/net452/fr/UiPath.Excel.resources.dll",
        "lib/net452/ja/UiPath.Excel.Activities.Design.resources.dll",
        "lib/net452/ja/UiPath.Excel.Activities.resources.dll",
        "lib/net452/ja/UiPath.Excel.resources.dll",
        "lib/net452/ru/UiPath.Excel.Activities.Design.resources.dll",
        "lib/net452/ru/UiPath.Excel.Activities.resources.dll",
        "lib/net452/ru/UiPath.Excel.resources.dll",
        "uipath.excel.activities.2.5.2.nupkg.sha512",
        "uipath.excel.activities.nuspec"
      ]
    },
    "UiPath.Mail.Activities/1.3.0": {
      "sha512": "WOCrTHJWhn8MncsdC0K+fbjr9ezI0CynqNCY3MQyjbdTJHlmKvG69kC1/XgdHry0r9hknq2dhB4esgyC5jzmsw==",
      "type": "package",
      "path": "uipath.mail.activities/1.3.0",
      "files": [
        ".nupkg.metadata",
        "lib/net452/MailKit.dll",
        "lib/net452/MailKit.xml",
        "lib/net452/MimeKit.dll",
        "lib/net452/MimeKit.xml",
        "lib/net452/UiPath.Mail.Activities.Design.dll",
        "lib/net452/UiPath.Mail.Activities.dll",
        "lib/net452/UiPath.Mail.dll",
        "lib/net452/fr/UiPath.Mail.Activities.Design.resources.dll",
        "lib/net452/fr/UiPath.Mail.Activities.resources.dll",
        "lib/net452/fr/UiPath.Mail.resources.dll",
        "lib/net452/ja/UiPath.Mail.Activities.Design.resources.dll",
        "lib/net452/ja/UiPath.Mail.Activities.resources.dll",
        "lib/net452/ja/UiPath.Mail.resources.dll",
        "lib/net452/ru/UiPath.Mail.Activities.Design.resources.dll",
        "lib/net452/ru/UiPath.Mail.Activities.resources.dll",
        "lib/net452/ru/UiPath.Mail.resources.dll",
        "uipath.mail.activities.1.3.0.nupkg.sha512",
        "uipath.mail.activities.nuspec"
      ]
    },
    "UiPath.OCR.Contracts/2.2.1": {
      "sha512": "pCG6EBke4YGKdCrWk+deQ9y+RZBwWR2m+GaX46laaeXJuF/TjxLw7ZmJ5ICR3KhERaUNGsUFW8l+hLFlL/8wPw==",
      "type": "package",
      "path": "uipath.ocr.contracts/2.2.1",
      "files": [
        ".nupkg.metadata",
        ".signature.p7s",
        "lib/net45/UiPath.OCR.Contracts.dll",
        "uipath.ocr.contracts.2.2.1.nupkg.sha512",
        "uipath.ocr.contracts.nuspec"
      ]
    },
    "UiPath.OmniPage.Activities/1.2.0": {
      "sha512": "G7s76PE4DhyCuTvMeMKFzLbwRaCFeoCh/LHf2CqhULfIQsZCRHtCH+etpwBxCugwZkcKEruH0F/0JV6ECR+6bg==",
      "type": "package",
      "path": "uipath.omnipage.activities/1.2.0",
      "files": [
        ".nupkg.metadata",
        ".signature.p7s",
        "build/AForge.Imaging.dll",
        "build/AForge.Math.dll",
        "build/AForge.dll",
        "build/NLog.dll",
        "build/Newtonsoft.Json.dll",
        "build/Nuance OmniPage Capture SDK_20.0.lcxz",
        "build/System.Collections.Immutable.dll",
        "build/UiPath.OCR.Contracts.dll",
        "build/UiPath.OmniPage.Activities.Design.dll",
        "build/UiPath.OmniPage.Activities.dll",
        "build/UiPath.OmniPage.Host32.exe",
        "build/UiPath.OmniPage.Host32.exe.config",
        "build/UiPath.Vision.OmniPage.Core.dll",
        "build/UiPath.Vision.OmniPage.dll",
        "build/nlog.config",
        "lib/net452/UiPath.OmniPage.Activities.Design.dll",
        "lib/net452/UiPath.OmniPage.Activities.dll",
        "lib/net452/UiPath.OmniPage.Host32.exe",
        "lib/net452/UiPath.Vision.OmniPage.Core.dll",
        "lib/net452/UiPath.Vision.OmniPage.dll",
        "lib/net452/de/UiPath.OmniPage.Activities.Design.resources.dll",
        "lib/net452/de/UiPath.OmniPage.Activities.resources.dll",
        "lib/net452/es-MX/UiPath.OmniPage.Activities.Design.resources.dll",
        "lib/net452/es-MX/UiPath.OmniPage.Activities.resources.dll",
        "lib/net452/es/UiPath.OmniPage.Activities.Design.resources.dll",
        "lib/net452/es/UiPath.OmniPage.Activities.resources.dll",
        "lib/net452/fr/UiPath.OmniPage.Activities.Design.resources.dll",
        "lib/net452/fr/UiPath.OmniPage.Activities.resources.dll",
        "lib/net452/ja/UiPath.OmniPage.Activities.Design.resources.dll",
        "lib/net452/ja/UiPath.OmniPage.Activities.resources.dll",
        "lib/net452/ko/UiPath.OmniPage.Activities.Design.resources.dll",
        "lib/net452/ko/UiPath.OmniPage.Activities.resources.dll",
        "lib/net452/pt-BR/UiPath.OmniPage.Activities.Design.resources.dll",
        "lib/net452/pt-BR/UiPath.OmniPage.Activities.resources.dll",
        "lib/net452/pt/UiPath.OmniPage.Activities.Design.resources.dll",
        "lib/net452/pt/UiPath.OmniPage.Activities.resources.dll",
        "lib/net452/ru/UiPath.OmniPage.Activities.Design.resources.dll",
        "lib/net452/ru/UiPath.OmniPage.Activities.resources.dll",
        "lib/net452/tr/UiPath.OmniPage.Activities.Design.resources.dll",
        "lib/net452/tr/UiPath.OmniPage.Activities.resources.dll",
        "lib/net452/zh-CN/UiPath.OmniPage.Activities.Design.resources.dll",
        "lib/net452/zh-CN/UiPath.OmniPage.Activities.resources.dll",
        "uipath.omnipage.activities.1.2.0.nupkg.sha512",
        "uipath.omnipage.activities.nuspec"
      ]
    },
    "UiPath.OmniPage.Bundle/1.0.2": {
      "sha512": "tffHJpw/Pix5I/OT7VUNSbxWtKEYttgD0b7AreYeuMbJJU+/yudDcE3DRDHDv0T7KKn/53pg2UVgzkA6AUq70A==",
      "type": "package",
      "path": "uipath.omnipage.bundle/1.0.2",
      "files": [
        ".nupkg.metadata",
        ".signature.p7s",
        "build/UiPath.OmniPage.Bundle.targets",
        "lib/net452/AppHelper.dll",
        "lib/net452/AppProductConfig.dll",
        "lib/net452/AppUtils.dll",
        "lib/net452/BALTIC.shp",
        "lib/net452/Bnt.dll",
        "lib/net452/Bold300.knb",
        "lib/net452/CRX.dll",
        "lib/net452/CYRILLIC.shp",
        "lib/net452/CharSetTable.chr",
        "lib/net452/ConvSettings.sts",
        "lib/net452/DISTR_TST.exe",
        "lib/net452/Defaults.dll",
        "lib/net452/ErrMsg.txz",
        "lib/net452/FireWrx2.dll",
        "lib/net452/FireWrx3.dll",
        "lib/net452/FireWrx4.dll",
        "lib/net452/FireWrx5.dll",
        "lib/net452/FireWrx6.dll",
        "lib/net452/Firewrx.dll",
        "lib/net452/Formatter.dll",
        "lib/net452/GREEK.shp",
        "lib/net452/ICDLLW32.dll",
        "lib/net452/ICHUNW32.dll",
        "lib/net452/IF_PNG.dll",
        "lib/net452/IPP_OmniPage.dlm",
        "lib/net452/KernelAPI.dll",
        "lib/net452/LATIN1.shp",
        "lib/net452/LATIN2.shp",
        "lib/net452/LEditor.dll",
        "lib/net452/LecsoMgr.dll",
        "lib/net452/ME_ConverterMgr.dlm",
        "lib/net452/ME_D2D.dlm",
        "lib/net452/ME_DocMgr.dlm",
        "lib/net452/ME_WFAssist.dlm",
        "lib/net452/ME_WFMgr.dlm",
        "lib/net452/ME_WFView.dlm",
        "lib/net452/MiddleEarth.dll",
        "lib/net452/Mor.dll",
        "lib/net452/Mor2.dll",
        "lib/net452/Mor3.dll",
        "lib/net452/Mor4.dll",
        "lib/net452/Mor5.dll",
        "lib/net452/Mor6.dll",
        "lib/net452/MorIF.dll",
        "lib/net452/Nuance.OmniPage.CSDK.ArgTypes.dll",
        "lib/net452/Nuance.OmniPage.CSDK.CAPI.dll",
        "lib/net452/Nuance.OmniPage.CSDK.Objects.dll",
        "lib/net452/PreRendering.dll",
        "lib/net452/R_CAT.DAT",
        "lib/net452/R_CZH.DAT",
        "lib/net452/R_DAN.DAT",
        "lib/net452/R_DUT.DAT",
        "lib/net452/R_ENG.DAT",
        "lib/net452/R_FIN.DAT",
        "lib/net452/R_FRE.DAT",
        "lib/net452/R_GER.DAT",
        "lib/net452/R_GRE.DAT",
        "lib/net452/R_HUN.DAT",
        "lib/net452/R_ITA.DAT",
        "lib/net452/R_NOR.DAT",
        "lib/net452/R_POL.DAT",
        "lib/net452/R_POR.DAT",
        "lib/net452/R_RUS.DAT",
        "lib/net452/R_SLN.DMD",
        "lib/net452/R_SPA.DAT",
        "lib/net452/R_SWE.DAT",
        "lib/net452/RecAPIPlus.dll",
        "lib/net452/RecDiag.dll",
        "lib/net452/RecPDFNet.dll",
        "lib/net452/Recogn.bct",
        "lib/net452/Recogn24.bct",
        "lib/net452/Rendering.dll",
        "lib/net452/Rendering2.dll",
        "lib/net452/SPDFLib.dll",
        "lib/net452/SkinnedClasses.dll",
        "lib/net452/SkinnedWindows.dll",
        "lib/net452/TURKISH.shp",
        "lib/net452/UiPath.OmniPage.Bundle.dll",
        "lib/net452/WM_OPActions.dlm",
        "lib/net452/WM_OPSteps.dlm",
        "lib/net452/WM_OPUIActions.dlm",
        "lib/net452/XIBRTB.BIN",
        "lib/net452/XIBRTC.BIN",
        "lib/net452/XIBRTD.BIN",
        "lib/net452/XIBRTE.BIN",
        "lib/net452/XIBRTP.BIN",
        "lib/net452/XIBRTS.BIN",
        "lib/net452/XIBRTZ.BIN",
        "lib/net452/XIBRZB.BIN",
        "lib/net452/XIBRZC.BIN",
        "lib/net452/XIBRZD.BIN",
        "lib/net452/XIBRZE.BIN",
        "lib/net452/XIBRZP.BIN",
        "lib/net452/XIBRZS.BIN",
        "lib/net452/XIBRZZ.BIN",
        "lib/net452/XIDANB.BIN",
        "lib/net452/XIDANC.BIN",
        "lib/net452/XIDAND.BIN",
        "lib/net452/XIDANE.BIN",
        "lib/net452/XIDANP.BIN",
        "lib/net452/XIDANS.BIN",
        "lib/net452/XIDANZ.BIN",
        "lib/net452/XIDUTB.BIN",
        "lib/net452/XIDUTC.BIN",
        "lib/net452/XIDUTD.BIN",
        "lib/net452/XIDUTE.BIN",
        "lib/net452/XIDUTP.BIN",
        "lib/net452/XIDUTS.BIN",
        "lib/net452/XIDUTZ.BIN",
        "lib/net452/XIFINB.BIN",
        "lib/net452/XIFINC.BIN",
        "lib/net452/XIFIND.BIN",
        "lib/net452/XIFINE.BIN",
        "lib/net452/XIFINP.BIN",
        "lib/net452/XIFINS.BIN",
        "lib/net452/XIFINZ.BIN",
        "lib/net452/XIFRNB.BIN",
        "lib/net452/XIFRNC.BIN",
        "lib/net452/XIFRND.BIN",
        "lib/net452/XIFRNE.BIN",
        "lib/net452/XIFRNP.BIN",
        "lib/net452/XIFRNS.BIN",
        "lib/net452/XIFRNZ.BIN",
        "lib/net452/XIGRMB.BIN",
        "lib/net452/XIGRMC.BIN",
        "lib/net452/XIGRMD.BIN",
        "lib/net452/XIGRME.BIN",
        "lib/net452/XIGRMP.BIN",
        "lib/net452/XIGRMS.BIN",
        "lib/net452/XIGRMZ.BIN",
        "lib/net452/XIITLB.BIN",
        "lib/net452/XIITLC.BIN",
        "lib/net452/XIITLD.BIN",
        "lib/net452/XIITLE.BIN",
        "lib/net452/XIITLP.BIN",
        "lib/net452/XIITLS.BIN",
        "lib/net452/XIITLZ.BIN",
        "lib/net452/XINRWB.BIN",
        "lib/net452/XINRWC.BIN",
        "lib/net452/XINRWD.BIN",
        "lib/net452/XINRWE.BIN",
        "lib/net452/XINRWP.BIN",
        "lib/net452/XINRWS.BIN",
        "lib/net452/XINRWZ.BIN",
        "lib/net452/XIPRTB.BIN",
        "lib/net452/XIPRTC.BIN",
        "lib/net452/XIPRTD.BIN",
        "lib/net452/XIPRTE.BIN",
        "lib/net452/XIPRTP.BIN",
        "lib/net452/XIPRTS.BIN",
        "lib/net452/XIPRTZ.BIN",
        "lib/net452/XISPNB.BIN",
        "lib/net452/XISPNC.BIN",
        "lib/net452/XISPND.BIN",
        "lib/net452/XISPNE.BIN",
        "lib/net452/XISPNP.BIN",
        "lib/net452/XISPNS.BIN",
        "lib/net452/XISPNZ.BIN",
        "lib/net452/XISWDB.BIN",
        "lib/net452/XISWDC.BIN",
        "lib/net452/XISWDD.BIN",
        "lib/net452/XISWDE.BIN",
        "lib/net452/XISWDP.BIN",
        "lib/net452/XISWDS.BIN",
        "lib/net452/XISWDZ.BIN",
        "lib/net452/Xiengb.bin",
        "lib/net452/Xiengc.bin",
        "lib/net452/Xiengd.bin",
        "lib/net452/Xienge.bin",
        "lib/net452/Xiengf.bin",
        "lib/net452/Xiengp.bin",
        "lib/net452/Xiengs.bin",
        "lib/net452/Xiengz.bin",
        "lib/net452/asciieng.lng",
        "lib/net452/atm2lll.dll",
        "lib/net452/czech.lng",
        "lib/net452/danish.lng",
        "lib/net452/dutch.lng",
        "lib/net452/english.lng",
        "lib/net452/finnish.lng",
        "lib/net452/french.lng",
        "lib/net452/german.lng",
        "lib/net452/greek.lng",
        "lib/net452/hungar.lng",
        "lib/net452/italian.lng",
        "lib/net452/jp2k_kdu_apps_vnew.dll",
        "lib/net452/kdu_vnewR.dll",
        "lib/net452/latin1.set",
        "lib/net452/lpdata.bin",
        "lib/net452/lpdata_russian.bin",
        "lib/net452/msvcp140.dll",
        "lib/net452/norsk.lng",
        "lib/net452/pccext.dll",
        "lib/net452/pccext2.dll",
        "lib/net452/pccext3.dll",
        "lib/net452/pccext4.dll",
        "lib/net452/pccext5.dll",
        "lib/net452/pccext6.dll",
        "lib/net452/polish.lng",
        "lib/net452/port.lng",
        "lib/net452/recogn.duz",
        "lib/net452/recogn.emp",
        "lib/net452/recogn.set",
        "lib/net452/recogn2.duz",
        "lib/net452/rndsdawg.dll",
        "lib/net452/rndsinso.dll",
        "lib/net452/russian.lng",
        "lib/net452/sami.set",
        "lib/net452/spanish.lng",
        "lib/net452/ssdoc-schema2.xml",
        "lib/net452/ssdoc-schema3.xsd",
        "lib/net452/swedish.lng",
        "lib/net452/turkish.lng",
        "lib/net452/vcruntime140.dll",
        "lib/net452/vtdata.bin",
        "lib/net452/xibrzd.dmd",
        "lib/net452/xiczhd.dmd",
        "lib/net452/xidand.dmd",
        "lib/net452/xidutd.dmd",
        "lib/net452/xiengd.dmd",
        "lib/net452/xiengl.bin",
        "lib/net452/xifind.dmd",
        "lib/net452/xifrnd.dmd",
        "lib/net452/xigred.dmd",
        "lib/net452/xigrmd.dmd",
        "lib/net452/xihund.dmd",
        "lib/net452/xiintd.dmd",
        "lib/net452/xiitld.dmd",
        "lib/net452/xinrwd.dmd",
        "lib/net452/xipold.dmd",
        "lib/net452/xiprtd.dmd",
        "lib/net452/xispnd.dmd",
        "lib/net452/xiswdd.dmd",
        "lib/net452/xiturd.dmd",
        "lib/net452/xocr.dll",
        "lib/net452/xocr2.dll",
        "lib/net452/xocr3.dll",
        "lib/net452/xocr32b.exe",
        "lib/net452/xocr4.dll",
        "lib/net452/xocr5.dll",
        "lib/net452/xocr6.dll",
        "uipath.omnipage.bundle.1.0.2.nupkg.sha512",
        "uipath.omnipage.bundle.nuspec"
      ]
    },
    "UiPath.PDF.Activities/3.1.0": {
      "sha512": "miiVmOif9ZUQKfqDvBxS1sD3G/77+RweQkw5a4C4Hj695TRQSRMgVU1Ldsc2qbvdU9ufI8niF2MneUSoASZCgA==",
      "type": "package",
      "path": "uipath.pdf.activities/3.1.0",
      "files": [
        ".nupkg.metadata",
        ".signature.p7s",
        "lib/net461/UiPath.PDF.Activities.Design.dll",
        "lib/net461/UiPath.PDF.Activities.dll",
        "lib/net461/UiPath.PDF.dll",
        "lib/net461/de/UiPath.PDF.Activities.Design.resources.dll",
        "lib/net461/de/UiPath.PDF.Activities.resources.dll",
        "lib/net461/de/UiPath.PDF.resources.dll",
        "lib/net461/es-MX/UiPath.PDF.Activities.Design.resources.dll",
        "lib/net461/es-MX/UiPath.PDF.Activities.resources.dll",
        "lib/net461/es-MX/UiPath.PDF.resources.dll",
        "lib/net461/es/UiPath.PDF.Activities.Design.resources.dll",
        "lib/net461/es/UiPath.PDF.Activities.resources.dll",
        "lib/net461/es/UiPath.PDF.resources.dll",
        "lib/net461/fr/UiPath.PDF.Activities.Design.resources.dll",
        "lib/net461/fr/UiPath.PDF.Activities.resources.dll",
        "lib/net461/fr/UiPath.PDF.resources.dll",
        "lib/net461/ja/UiPath.PDF.Activities.Design.resources.dll",
        "lib/net461/ja/UiPath.PDF.Activities.resources.dll",
        "lib/net461/ja/UiPath.PDF.resources.dll",
        "lib/net461/ko/UiPath.PDF.Activities.Design.resources.dll",
        "lib/net461/ko/UiPath.PDF.Activities.resources.dll",
        "lib/net461/ko/UiPath.PDF.resources.dll",
        "lib/net461/pt-BR/UiPath.PDF.Activities.Design.resources.dll",
        "lib/net461/pt-BR/UiPath.PDF.Activities.resources.dll",
        "lib/net461/pt-BR/UiPath.PDF.resources.dll",
        "lib/net461/pt/UiPath.PDF.Activities.Design.resources.dll",
        "lib/net461/pt/UiPath.PDF.Activities.resources.dll",
        "lib/net461/pt/UiPath.PDF.resources.dll",
        "lib/net461/ru/UiPath.PDF.Activities.Design.resources.dll",
        "lib/net461/ru/UiPath.PDF.Activities.resources.dll",
        "lib/net461/ru/UiPath.PDF.resources.dll",
        "lib/net461/tr/UiPath.PDF.Activities.Design.resources.dll",
        "lib/net461/tr/UiPath.PDF.Activities.resources.dll",
        "lib/net461/tr/UiPath.PDF.resources.dll",
        "lib/net461/zh-CN/UiPath.PDF.Activities.Design.resources.dll",
        "lib/net461/zh-CN/UiPath.PDF.Activities.resources.dll",
        "lib/net461/zh-CN/UiPath.PDF.resources.dll",
        "uipath.pdf.activities.3.1.0.nupkg.sha512",
        "uipath.pdf.activities.nuspec"
      ]
    },
    "UiPath.System.Activities/19.2.0": {
      "sha512": "kJ+ipnSBlXJLGR3sDGBmszrp2a+1dCLF5Uo+DUNqjCSbIPGmC2eZGs/E1uVr6FEdPxWoeE2T/N1akakwhedwPg==",
      "type": "package",
      "path": "uipath.system.activities/19.2.0",
      "files": [
        "lib/net461/ActiproSoftware.Docking.Wpf.dll",
        "lib/net461/ActiproSoftware.Ribbon.Wpf.dll",
        "lib/net461/ActiproSoftware.Shared.Wpf.dll",
        "lib/net461/ActiproSoftware.SyntaxEditor.Addons.DotNet.Wpf.dll",
        "lib/net461/ActiproSoftware.SyntaxEditor.Wpf.dll",
        "lib/net461/ActiproSoftware.Text.Addons.DotNet.Wpf.dll",
        "lib/net461/ActiproSoftware.Text.LLParser.Wpf.dll",
        "lib/net461/ActiproSoftware.Text.Wpf.dll",
        "lib/net461/ActiproSoftware.Wizard.Wpf.dll",
        "lib/net461/CustomInputForm.exe",
        "lib/net461/UiPath.OrchestratorClient.dll",
        "lib/net461/UiPath.System.Activities.Design.dll",
        "lib/net461/UiPath.System.Activities.dll",
        "lib/net461/fr/UiPath.System.Activities.Design.resources.dll",
        "lib/net461/fr/UiPath.System.Activities.resources.dll",
        "lib/net461/ja/UiPath.System.Activities.Design.resources.dll",
        "lib/net461/ja/UiPath.System.Activities.resources.dll",
        "lib/net461/ru/UiPath.System.Activities.Design.resources.dll",
        "lib/net461/ru/UiPath.System.Activities.resources.dll",
        "uipath.system.activities.19.2.0.nupkg.sha512",
        "uipath.system.activities.nuspec"
      ]
    },
    "UiPath.UIAutomation.Activities/19.2.0": {
      "sha512": "zbs89qj1AlFt8kuSgMN/RXyF3ftAEOMJW6jmbIOoFxomqWgAGKWNcDIOBUEtfY/l3WWju0VieSSEeWLodj8SHA==",
      "type": "package",
      "path": "uipath.uiautomation.activities/19.2.0",
      "files": [
        "build/ActiproSoftware.Docking.Wpf.dll",
        "build/ActiproSoftware.Editors.Wpf.dll",
        "build/ActiproSoftware.Ribbon.Wpf.dll",
        "build/ActiproSoftware.Shared.Wpf.dll",
        "build/ActiproSoftware.SyntaxEditor.Addons.DotNet.Wpf.dll",
        "build/ActiproSoftware.SyntaxEditor.Wpf.dll",
        "build/ActiproSoftware.Text.Addons.DotNet.Wpf.dll",
        "build/ActiproSoftware.Text.LLParser.Wpf.dll",
        "build/ActiproSoftware.Text.Wpf.dll",
        "build/ActiproSoftware.Wizard.Wpf.dll",
        "build/ICSharpCode.AvalonEdit.dll",
        "build/UiExplorer.exe",
        "build/UiExplorer.exe.config",
        "build/UiPath.Activities.Contracts.dll",
        "build/UiPath.UiAutomation.Activities.dll",
        "build/fr/UiExplorer.resources.dll",
        "build/fr/UiPath.UiAutomation.Activities.resources.dll",
        "build/ja/UiExplorer.resources.dll",
        "build/ja/UiPath.UiAutomation.Activities.resources.dll",
        "build/ru/UiExplorer.resources.dll",
        "build/ru/UiPath.UiAutomation.Activities.resources.dll",
        "lib/net461/ActiproSoftware.Docking.Wpf.dll",
        "lib/net461/ActiproSoftware.Editors.Wpf.dll",
        "lib/net461/ActiproSoftware.Ribbon.Wpf.dll",
        "lib/net461/ActiproSoftware.Shared.Wpf.dll",
        "lib/net461/ActiproSoftware.SyntaxEditor.Addons.DotNet.Wpf.dll",
        "lib/net461/ActiproSoftware.SyntaxEditor.Wpf.dll",
        "lib/net461/ActiproSoftware.Text.Addons.DotNet.Wpf.dll",
        "lib/net461/ActiproSoftware.Text.LLParser.Wpf.dll",
        "lib/net461/ActiproSoftware.Text.Wpf.dll",
        "lib/net461/ActiproSoftware.Wizard.Wpf.dll",
        "lib/net461/UiPath.UIAutomation.Activities.Design.dll",
        "lib/net461/UiPath.UiAutomation.Activities.dll",
        "lib/net461/UiPath.Wizards.dll",
        "lib/net461/fr/UiPath.UIAutomation.Activities.Design.resources.dll",
        "lib/net461/fr/UiPath.UiAutomation.Activities.resources.dll",
        "lib/net461/fr/UiPath.Wizards.resources.dll",
        "lib/net461/ja/UiPath.UIAutomation.Activities.Design.resources.dll",
        "lib/net461/ja/UiPath.UiAutomation.Activities.resources.dll",
        "lib/net461/ja/UiPath.Wizards.resources.dll",
        "lib/net461/ru/UiPath.UIAutomation.Activities.Design.resources.dll",
        "lib/net461/ru/UiPath.UiAutomation.Activities.resources.dll",
        "lib/net461/ru/UiPath.Wizards.resources.dll",
        "uipath.uiautomation.activities.19.2.0.nupkg.sha512",
        "uipath.uiautomation.activities.nuspec"
      ]
    },
    "UiPath.Vision/1.3.0": {
      "sha512": "BaOjq4r7QymiuGJq+hv7TFAlPaQJsF4tpQc/rVqcVuJgcboPlZwKP22vHc2p3l73xVYyPICAt5gAZasMIdkCEw==",
      "type": "package",
      "path": "uipath.vision/1.3.0",
      "files": [
        "build/AForge.Imaging.dll",
        "build/AForge.Math.dll",
        "build/AForge.dll",
        "build/AbbyyOnlineSdk.dll",
        "build/BouncyCastle.Crypto.dll",
        "build/Emgu.CV.World.dll",
        "build/Exceptionless.dll",
        "build/Google.Api.CommonProtos.dll",
        "build/Google.Api.Gax.Grpc.dll",
        "build/Google.Api.Gax.dll",
        "build/Google.Apis.Auth.PlatformServices.dll",
        "build/Google.Apis.Auth.dll",
        "build/Google.Apis.Core.dll",
        "build/Google.Apis.PlatformServices.dll",
        "build/Google.Apis.dll",
        "build/Google.Cloud.Vision.V1.dll",
        "build/Google.LongRunning.dll",
        "build/Google.Protobuf.dll",
        "build/Grpc.Auth.dll",
        "build/Grpc.Core.dll",
        "build/Microsoft.Azure.CognitiveServices.Vision.ComputerVision.dll",
        "build/Microsoft.ProjectOxford.Vision.dll",
        "build/Microsoft.Rest.ClientRuntime.Azure.dll",
        "build/Microsoft.Rest.ClientRuntime.dll",
        "build/NLog.dll",
        "build/Newtonsoft.Json.dll",
        "build/System.Interactive.Async.dll",
        "build/System.ValueTuple.dll",
        "build/UiPath.NeuralNet.dll",
        "build/UiPath.Vision.Core.dll",
        "build/UiPath.Vision.Host32.exe",
        "build/UiPath.Vision.Host32.exe.config",
        "build/UiPath.Vision.dll",
        "build/ZedGraph.dll",
        "build/Zlib.Portable.dll",
        "build/grpc_csharp_ext.x64.dll",
        "build/grpc_csharp_ext.x86.dll",
        "build/log4net.dll",
        "build/nlog.config",
        "build/tessdata/eng.traineddata",
        "build/x86/concrt140.dll",
        "build/x86/cvextern.dll",
        "build/x86/msvcp140.dll",
        "build/x86/opencv_ffmpeg341.dll",
        "build/x86/tbb.dll",
        "build/x86/vcruntime140.dll",
        "content/grpc_csharp_ext.x64.dll",
        "content/grpc_csharp_ext.x86.dll",
        "content/libgrpc_csharp_ext.x64.dylib",
        "content/libgrpc_csharp_ext.x64.so",
        "content/libgrpc_csharp_ext.x86.dylib",
        "content/libgrpc_csharp_ext.x86.so",
        "lib/net452/UiPath.NeuralNet.dll",
        "lib/net452/UiPath.Vision.Core.dll",
        "lib/net452/UiPath.Vision.Host32.exe",
        "lib/net452/UiPath.Vision.dll",
        "uipath.vision.1.3.0.nupkg.sha512",
        "uipath.vision.nuspec"
      ]
    }
  },
  "projectFileDependencyGroups": {
    "": [],
    ".NETFramework,Version=v4.6.1": [
      "Atalasoft.dotImage.Ocr.Abbyy.x64 >= 11.2.0.1267 <= 11.2.0.1267",
      "BitMiracle.Docotic.Pdf >= 5.10.9957 <= 5.10.9957",
      "System.ValueTuple >= 4.5.0 <= 4.5.0",
      "UiPath.Excel.Activities >= 2.5.2 <= 2.5.2",
      "UiPath.Mail.Activities >= 1.3.0 <= 1.3.0",
      "UiPath.OCR.Contracts >= 2.2.1 <= 2.2.1",
      "UiPath.OmniPage.Activities >= 1.2.0 <= 1.2.0",
      "UiPath.PDF.Activities >= 3.1.0 <= 3.1.0",
      "UiPath.System.Activities >= 19.2.0 <= 19.2.0",
      "UiPath.UIAutomation.Activities >= 19.2.0 <= 19.2.0"
    ]
  },
  "packageFolders": {
    "C:\\Users\\Dell\\.nuget\\packages\\": {}
  },
  "project": {
    "restore": {
      "projectUniqueName": "PDFAutomation",
      "projectName": "PDFAutomation",
      "projectPath": "C:\\Users\\Dell\\Downloads\\PDFAutomation\\.local",
      "packagesPath": "C:\\Users\\Dell\\.nuget\\packages\\",
      "outputPath": "C:\\Users\\Dell\\Downloads\\PDFAutomation\\.local"
    },
    "frameworks": {
      "net461": {
        "dependencies": {
          "Atalasoft.dotImage.Ocr.Abbyy.x64": {
            "include": "Runtime",
            "target": "Package",
            "version": "[11.2.0.1267, 11.2.0.1267]"
          },
          "BitMiracle.Docotic.Pdf": {
            "include": "Runtime",
            "target": "Package",
            "version": "[5.10.9957, 5.10.9957]"
          },
          "System.ValueTuple": {
            "include": "Runtime",
            "target": "Package",
            "version": "[4.5.0, 4.5.0]"
          },
          "UiPath.Excel.Activities": {
            "include": "Runtime",
            "target": "Package",
            "version": "[2.5.2, 2.5.2]"
          },
          "UiPath.Mail.Activities": {
            "include": "Runtime",
            "target": "Package",
            "version": "[1.3.0, 1.3.0]"
          },
          "UiPath.OCR.Contracts": {
            "include": "Runtime",
            "target": "Package",
            "version": "[2.2.1, 2.2.1]"
          },
          "UiPath.OmniPage.Activities": {
            "include": "Runtime",
            "target": "Package",
            "version": "[1.2.0, 1.2.0]"
          },
          "UiPath.PDF.Activities": {
            "include": "Runtime",
            "target": "Package",
            "version": "[3.1.0, 3.1.0]"
          },
          "UiPath.System.Activities": {
            "include": "Runtime",
            "target": "Package",
            "version": "[19.2.0, 19.2.0]"
          },
          "UiPath.UIAutomation.Activities": {
            "include": "Runtime",
            "target": "Package",
            "version": "[19.2.0, 19.2.0]"
          }
        }
      }
    }
  }
}